,<nil>,Apoptosis,Proliferation,Metastasis
EGF_ON,0.8704,0.0,0.0,0.0
FGF_ON,0.963212,0.0016,0.032988,0.000853
TGFb_ON,0.004469,0.239731,0.0006,0.752049
Nutrients_ON,0.882355,0.0,0.115845,0.0002
Hypoxia_ON,0.996817,0.0002,0.0,0.002983
Acidosis_ON,0.997584,0.0,0.002016,0.0002
Androgen_ON,0.8684,0.0,0.0,0.0
TNFalpha_ON,0.988,0.0002,0.0004,0.0112
Carcinogen_ON,0.925024,0.068361,0.0038,0.0004
