,<nil>,Apoptosis,Proliferation,Metastasis
EGF_ON,0.889621,0.0,0.010979,0.0022
FGF_ON,0.894137,0.063486,0.038577,0.0008
TGFb_ON,0.0,1.0,0.0,0.0
Nutrients_ON,0.957041,0.0,0.042359,0.0002
Hypoxia_ON,0.999,0.0,0.0,0.001
Acidosis_ON,0.988775,0.0,0.010825,0.0002
Androgen_ON,0.889421,0.0,0.011179,0.0022
TNFalpha_ON,0.981774,0.0,0.003,0.014472
Carcinogen_ON,0.0622,0.9332,0.0,0.0
