,<nil>,Apoptosis,Proliferation,Metastasis
EGF_ON,0.964931,0.0,0.017273,0.0
FGF_ON,0.9974,0.0,0.0024,0.0002
TGFb_ON,0.480739,0.085024,0.0002,0.433837
Nutrients_ON,1.0,0.0,0.0,0.0
Hypoxia_ON,0.9998,0.0,0.0,0.0002
Acidosis_ON,1.0,0.0,0.0,0.0
Androgen_ON,0.964331,0.0,0.017473,0.0
TNFalpha_ON,1.0,0.0,0.0,0.0
Carcinogen_ON,0.9966,0.0016,0.0018,0.0
