,<nil>,Apoptosis,Proliferation,Metastasis
EGF_ON,0.9502,0.0,0.002,0.0128
FGF_ON,0.509336,0.432723,0.036495,0.002723
TGFb_ON,0.0002,0.9994,0.0,0.0
Nutrients_ON,0.9992,0.0,0.0006,0.0002
Hypoxia_ON,0.9994,0.0,0.0,0.0006
Acidosis_ON,0.9994,0.0,0.0006,0.0
Androgen_ON,0.95,0.0,0.002,0.0128
TNFalpha_ON,0.9998,0.0,0.0002,0.0
Carcinogen_ON,0.965928,0.018767,0.013305,0.0
